-- User data
INSERT INTO User (user_id, first_name, last_name, email, password_hash, phone_number, role, created_at) VALUES
('u1', 'Alice', 'Johnson', 'alice@example.com', 'pw1', '+2348011111111', 'guest', NOW()),
('u2', 'Bob', 'Smith', 'bob@example.com', 'pw2', '+2348022222222', 'host', NOW()),
('u3', 'Clara', 'Williams', 'clara@example.com', 'pw3', '+2348033333333', 'host', NOW()),
('u4', 'David', 'Brown', 'david@example.com', 'pw4', '+2348044444444', 'guest', NOW()),
('u5', 'Eva', 'Taylor', 'eva@example.com', 'pw5', '+2348055555555', 'guest', NOW()),
('u6', 'Frank', 'Garcia', 'frank@example.com', 'pw6', '+2348066666666', 'host', NOW()),
('u7', 'Grace', 'Hughes', 'grace@example.com', 'pw7', '+2348077777777', 'guest', NOW()),
('u8', 'Henry', 'Moore', 'henry@example.com', 'pw8', '+2348088888888', 'guest', NOW()),
('u9', 'Ivy', 'Adams', 'ivy@example.com', 'pw9', '+2348099999999', 'guest', NOW()),
('u10', 'James', 'White', 'james@example.com', 'pw10', '+2347012345678', 'guest', NOW()),
('u11', 'Karen', 'Scott', 'karen@example.com', 'pw11', '+2347023456789', 'guest', NOW()),
('u12', 'Leo', 'Walker', 'leo@example.com', 'pw12', '+2347034567890', 'host', NOW()),
('u13', 'Mona', 'Young', 'mona@example.com', 'pw13', '+2347045678901', 'guest', NOW()),
('u14', 'Nick', 'King', 'nick@example.com', 'pw14', '+2347056789012', 'guest', NOW()),
('u15', 'Olivia', 'Green', 'olivia@example.com', 'pw15', '+2347067890123', 'guest', NOW()),
('u16', 'Paul', 'Hill', 'paul@example.com', 'pw16', '+2347078901234', 'host', NOW()),
('u17', 'Quinn', 'Evans', 'quinn@example.com', 'pw17', '+2347089012345', 'guest', NOW()),
('u18', 'Rita', 'Baker', 'rita@example.com', 'pw18', '+2347090123456', 'guest', NOW()),
('u19', 'Sam', 'Carter', 'sam@example.com', 'pw19', '+2347101234567', 'guest', NOW()),
('u20', 'Tina', 'Lopez', 'tina@example.com', 'pw20', '+2347112345678', 'host', NOW());

-- Property data
INSERT INTO Property (property_id, host_id, name, description, location, pricepernight, created_at, updated_at) VALUES
('p1', 'u2', 'Cozy Apartment Lagos', '2-bedroom in Victoria Island.', 'Lagos, Nigeria', 150.00, NOW(), NOW()),
('p2', 'u2', 'Luxury Condo Ikeja', 'Modern condo with power & WiFi.', 'Ikeja, Lagos', 200.00, NOW(), NOW()),
('p3', 'u3', 'Beach House Lekki', 'Spacious with private pool.', 'Lekki, Lagos', 350.00, NOW(), NOW()),
('p4', 'u3', 'Penthouse Abuja', 'Skyline views, luxury.', 'Abuja, Nigeria', 500.00, NOW(), NOW()),
('p5', 'u6', 'Guesthouse Ibadan', 'Affordable near UI.', 'Ibadan, Nigeria', 80.00, NOW(), NOW()),
('p6', 'u6', 'City Flat Ibadan', 'Compact and budget-friendly.', 'Ibadan, Nigeria', 90.00, NOW(), NOW()),
('p7', 'u12', 'Modern Studio PH', 'Studio near GRA.', 'Port Harcourt, Nigeria', 120.00, NOW(), NOW()),
('p8', 'u12', 'Riverside Villa PH', 'Villa with river view.', 'Port Harcourt, Nigeria', 400.00, NOW(), NOW()),
('p9', 'u16', 'Chalet Jos', 'Cozy mountain retreat.', 'Jos, Nigeria', 180.00, NOW(), NOW()),
('p10', 'u16', 'Luxury Cabin Jos', 'Wooden cabin with hot tub.', 'Jos, Nigeria', 250.00, NOW(), NOW()),
('p11', 'u20', 'Farmhouse Enugu', 'Rustic farmhouse escape.', 'Enugu, Nigeria', 140.00, NOW(), NOW()),
('p12', 'u20', 'Countryside Lodge Enugu', 'Relaxing lodge near hills.', 'Enugu, Nigeria', 160.00, NOW(), NOW()),
('p13', 'u2', 'Serviced Apartment Lagos', 'Fully serviced flat.', 'Lagos, Nigeria', 220.00, NOW(), NOW()),
('p14', 'u3', 'Mini Villa Abuja', 'Compact villa with garden.', 'Abuja, Nigeria', 280.00, NOW(), NOW()),
('p15', 'u12', 'Business Flat PH', 'Close to city center.', 'Port Harcourt, Nigeria', 150.00, NOW(), NOW());

-- Booking data
INSERT INTO Booking (booking_id, property_id, user_id, start_date, end_date, total_price, status, created_at) VALUES
('b1', 'p1', 'u1', '2025-09-01', '2025-09-05', 600.00, 'confirmed', NOW()),
('b2', 'p3', 'u4', '2025-09-10', '2025-09-12', 700.00, 'confirmed', NOW()),
('b3', 'p2', 'u5', '2025-09-15', '2025-09-20', 1000.00, 'pending', NOW()),
('b4', 'p4', 'u7', '2025-08-01', '2025-08-03', 1000.00, 'canceled', NOW()),
('b5', 'p5', 'u1', '2025-10-05', '2025-10-10', 400.00, 'confirmed', NOW()),
('b6', 'p6', 'u8', '2025-10-02', '2025-10-06', 360.00, 'confirmed', NOW()),
('b7', 'p7', 'u9', '2025-11-01', '2025-11-05', 480.00, 'pending', NOW()),
('b8', 'p8', 'u10', '2025-12-20', '2025-12-25', 2000.00, 'confirmed', NOW()),
('b9', 'p9', 'u11', '2025-09-12', '2025-09-15', 540.00, 'confirmed', NOW()),
('b10', 'p10', 'u13', '2025-10-05', '2025-10-09', 1000.00, 'confirmed', NOW()),
('b11', 'p11', 'u14', '2025-11-02', '2025-11-04', 280.00, 'pending', NOW()),
('b12', 'p12', 'u15', '2025-09-07', '2025-09-10', 480.00, 'canceled', NOW()),
('b13', 'p13', 'u17', '2025-12-01', '2025-12-06', 1100.00, 'confirmed', NOW()),
('b14', 'p14', 'u18', '2025-09-18', '2025-09-22', 1120.00, 'confirmed', NOW()),
('b15', 'p15', 'u19', '2025-08-20', '2025-08-23', 450.00, 'pending', NOW()),
('b16', 'p1', 'u5', '2025-10-01', '2025-10-04', 450.00, 'confirmed', NOW()),
('b17', 'p2', 'u7', '2025-11-05', '2025-11-10', 1000.00, 'confirmed', NOW()),
('b18', 'p3', 'u9', '2025-10-12', '2025-10-15', 1050.00, 'confirmed', NOW()),
('b19', 'p4', 'u10', '2025-12-15', '2025-12-20', 2500.00, 'pending', NOW()),
('b20', 'p5', 'u11', '2025-11-10', '2025-11-14', 320.00, 'confirmed', NOW()),
('b21', 'p6', 'u12', '2025-08-15', '2025-08-18', 270.00, 'canceled', NOW()),
('b22', 'p7', 'u13', '2025-09-22', '2025-09-25', 360.00, 'confirmed', NOW()),
('b23', 'p8', 'u14', '2025-11-01', '2025-11-06', 2000.00, 'confirmed', NOW()),
('b24', 'p9', 'u15', '2025-10-05', '2025-10-07', 360.00, 'confirmed', NOW()),
('b25', 'p10', 'u16', '2025-09-10', '2025-09-15', 1250.00, 'confirmed', NOW()),
('b26', 'p11', 'u17', '2025-11-10', '2025-11-13', 420.00, 'pending', NOW()),
('b27', 'p12', 'u18', '2025-09-05', '2025-09-08', 480.00, 'canceled', NOW()),
('b28', 'p13', 'u19', '2025-12-12', '2025-12-16', 880.00, 'confirmed', NOW()),
('b29', 'p14', 'u1', '2025-09-20', '2025-09-23', 840.00, 'confirmed', NOW()),
('b30', 'p15', 'u2', '2025-10-18', '2025-10-20', 300.00, 'pending', NOW()),
('b31', 'p1', 'u3', '2025-11-15', '2025-11-19', 600.00, 'confirmed', NOW()),
('b32', 'p2', 'u4', '2025-10-10', '2025-10-12', 400.00, 'confirmed', NOW()),
('b33', 'p3', 'u5', '2025-12-01', '2025-12-05', 1400.00, 'confirmed', NOW()),
('b34', 'p4', 'u6', '2025-09-25', '2025-09-30', 2500.00, 'pending', NOW()),
('b35', 'p5', 'u7', '2025-10-20', '2025-10-22', 160.00, 'confirmed', NOW()),
('b36', 'p6', 'u8', '2025-11-02', '2025-11-05', 270.00, 'confirmed', NOW()),
('b37', 'p7', 'u9', '2025-09-12', '2025-09-14', 240.00, 'canceled', NOW()),
('b38', 'p8', 'u10', '2025-12-18', '2025-12-20', 800.00, 'confirmed', NOW()),
('b39', 'p9', 'u11', '2025-08-25', '2025-08-28', 540.00, 'confirmed', NOW()),
('b40', 'p10', 'u12', '2025-11-05', '2025-11-09', 1000.00, 'confirmed', NOW()),
('b41', 'p11', 'u13', '2025-10-10', '2025-10-12', 280.00, 'pending', NOW()),
('b42', 'p12', 'u14', '2025-09-15', '2025-09-18', 480.00, 'canceled', NOW()),
('b43', 'p13', 'u15', '2025-12-10', '2025-12-12', 440.00, 'confirmed', NOW()),
('b44', 'p14', 'u16', '2025-09-22', '2025-09-26', 1120.00, 'confirmed', NOW()),
('b45', 'p15', 'u17', '2025-08-12', '2025-08-14', 300.00, 'pending', NOW()),
('b46', 'p1', 'u18', '2025-11-01', '2025-11-05', 600.00, 'confirmed', NOW()),
('b47', 'p2', 'u19', '2025-09-08', '2025-09-11', 600.00, 'confirmed', NOW()),
('b48', 'p3', 'u20', '2025-10-02', '2025-10-04', 700.00, 'confirmed', NOW()),
('b49', 'p4', 'u1', '2025-12-15', '2025-12-18', 1500.00, 'pending', NOW()),
('b50', 'p5', 'u2', '2025-09-01', '2025-09-03', 160.00, 'confirmed', NOW());

-- Payment data
INSERT INTO Payment (payment_id, booking_id, amount, payment_date, payment_method) VALUES
('pay1', 'b1', 600.00, '2025-08-20', 'credit card'),
('pay2', 'b2', 700.00, '2025-08-25', 'paypal'),
('pay3', 'b5', 400.00, '2025-09-01', 'stripe'),
('pay4', 'b6', 360.00, '2025-09-10', 'credit card'),
('pay5', 'b8', 2000.00, '2025-12-01', 'paypal'),
('pay6', 'b9', 540.00, '2025-09-05', 'stripe'),
('pay7', 'b10', 1000.00, '2025-09-25', 'credit card'),
('pay8', 'b13', 1100.00, '2025-11-28', 'paypal'),
('pay9', 'b14', 1120.00, '2025-09-12', 'stripe'),
('pay10', 'b16', 450.00, '2025-09-28', 'credit card'),
('pay11', 'b17', 1000.00, '2025-10-25', 'stripe'),
('pay12', 'b18', 1050.00, '2025-10-05', 'paypal'),
('pay13', 'b20', 320.00, '2025-11-01', 'credit card'),
('pay14', 'b22', 360.00, '2025-09-18', 'stripe'),
('pay15', 'b23', 2000.00, '2025-10-25', 'credit card'),
('pay16', 'b24', 360.00, '2025-10-02', 'paypal'),
('pay17', 'b25', 1250.00, '2025-09-01', 'stripe'),
('pay18', 'b28', 880.00, '2025-12-05', 'paypal'),
('pay19', 'b29', 840.00, '2025-09-15', 'credit card'),
('pay20', 'b31', 600.00, '2025-11-05', 'stripe'),
('pay21', 'b32', 400.00, '2025-10-02', 'paypal'),
('pay22', 'b33', 1400.00, '2025-11-25', 'credit card'),
('pay23', 'b35', 160.00, '2025-10-10', 'stripe'),
('pay24', 'b36', 270.00, '2025-10-28', 'paypal'),
('pay25', 'b38', 800.00, '2025-12-10', 'credit card'),
('pay26', 'b39', 540.00, '2025-08-18', 'stripe'),
('pay27', 'b40', 1000.00, '2025-10-28', 'credit card'),
('pay28', 'b43', 440.00, '2025-12-05', 'paypal'),
('pay29', 'b44', 1120.00, '2025-09-15', 'credit card'),
('pay30', 'b46', 600.00, '2025-10-25', 'stripe');

-- Message data
INSERT INTO Message (message_id, sender_id, recipient_id, message_body) VALUES
('m1', 'u1', 'u2', 'Hi Bob, can I check in early for Lagos apartment?'),
('m2', 'u2', 'u1', 'Sure Alice, 12 PM is fine.'),
('m3', 'u4', 'u3', 'Clara, does the beach house allow pets?'),
('m4', 'u3', 'u4', 'Yes, small pets are welcome.'),
('m5', 'u5', 'u2', 'Is the Ikeja condo available next month?'),
('m6', 'u2', 'u5', 'Yes, dates are open.'),
('m7', 'u7', 'u3', 'Hi Clara, what’s the nearest supermarket to the penthouse?'),
('m8', 'u3', 'u7', 'There’s a Shoprite 10 mins away.'),
('m9', 'u8', 'u6', 'Frank, does your guesthouse have WiFi?'),
('m10', 'u6', 'u8', 'Yes, unlimited WiFi included.'),
('m11', 'u9', 'u12', 'Leo, is breakfast included in the studio apartment?'),
('m12', 'u12', 'u9', 'Yes, we provide breakfast daily.'),
('m13', 'u10', 'u12', 'Can I host a small party at the villa?'),
('m14', 'u12', 'u10', 'Small gatherings are fine.'),
('m15', 'u11', 'u16', 'Paul, does the chalet have heating?'),
('m16', 'u16', 'u11', 'Yes, full heating system installed.'),
('m17', 'u13', 'u20', 'Tina, is the farmhouse kid-friendly?'),
('m18', 'u20', 'u13', 'Yes, safe for kids.'),
('m19', 'u14', 'u20', 'Is there parking at the countryside lodge?'),
('m20', 'u20', 'u14', 'Yes, free parking available.'),
('m21', 'u15', 'u2', 'Bob, can I book the serviced flat for 3 months?'),
('m22', 'u2', 'u15', 'Yes, long-term stay is possible.'),
('m23', 'u17', 'u3', 'Clara, is the Abuja villa near the airport?'),
('m24', 'u3', 'u17', 'Yes, 20 mins drive.'),
('m25', 'u18', 'u16', 'Paul, do you provide airport pickup for the cabin?');

