-- Users data
INSERT INTO Users (user_id, first_name, last_name, email, password_hash, phone_number, role, created_at) VALUES
('550e8400-e29b-41d4-a716-446655440001', 'Alice', 'Johnson', 'alice@example.com', 'pw1', '+2348011111111', 'guest', NOW()),
('550e8400-e29b-41d4-a716-446655440002', 'Bob', 'Smith', 'bob@example.com', 'pw2', '+2348022222222', 'host', NOW()),
('550e8400-e29b-41d4-a716-446655440003', 'Clara', 'Williams', 'clara@example.com', 'pw3', '+2348033333333', 'host', NOW()),
('550e8400-e29b-41d4-a716-446655440004', 'David', 'Brown', 'david@example.com', 'pw4', '+2348044444444', 'guest', NOW()),
('550e8400-e29b-41d4-a716-446655440005', 'Eva', 'Taylor', 'eva@example.com', 'pw5', '+2348055555555', 'guest', NOW()),
('550e8400-e29b-41d4-a716-446655440006', 'Frank', 'Garcia', 'frank@example.com', 'pw6', '+2348066666666', 'host', NOW()),
('550e8400-e29b-41d4-a716-446655440007', 'Grace', 'Hughes', 'grace@example.com', 'pw7', '+2348077777777', 'guest', NOW()),
('550e8400-e29b-41d4-a716-446655440008', 'Henry', 'Moore', 'henry@example.com', 'pw8', '+2348088888888', 'guest', NOW()),
('550e8400-e29b-41d4-a716-446655440009', 'Ivy', 'Adams', 'ivy@example.com', 'pw9', '+2348099999999', 'guest', NOW()),
('550e8400-e29b-41d4-a716-446655440010', 'James', 'White', 'james@example.com', 'pw10', '+2347012345678', 'guest', NOW()),
('550e8400-e29b-41d4-a716-446655440011', 'Karen', 'Scott', 'karen@example.com', 'pw11', '+2347023456789', 'guest', NOW()),
('550e8400-e29b-41d4-a716-446655440012', 'Leo', 'Walker', 'leo@example.com', 'pw12', '+2347034567890', 'host', NOW()),
('550e8400-e29b-41d4-a716-446655440013', 'Mona', 'Young', 'mona@example.com', 'pw13', '+2347045678901', 'guest', NOW()),
('550e8400-e29b-41d4-a716-446655440014', 'Nick', 'King', 'nick@example.com', 'pw14', '+2347056789012', 'guest', NOW()),
('550e8400-e29b-41d4-a716-446655440015', 'Olivia', 'Green', 'olivia@example.com', 'pw15', '+2347067890123', 'guest', NOW()),
('550e8400-e29b-41d4-a716-446655440016', 'Paul', 'Hill', 'paul@example.com', 'pw16', '+2347078901234', 'host', NOW()),
('550e8400-e29b-41d4-a716-446655440017', 'Quinn', 'Evans', 'quinn@example.com', 'pw17', '+2347089012345', 'guest', NOW()),
('550e8400-e29b-41d4-a716-446655440018', 'Rita', 'Baker', 'rita@example.com', 'pw18', '+2347090123456', 'guest', NOW()),
('550e8400-e29b-41d4-a716-446655440019', 'Sam', 'Carter', 'sam@example.com', 'pw19', '+2347101234567', 'guest', NOW()),
('550e8400-e29b-41d4-a716-446655440020', 'Tina', 'Lopez', 'tina@example.com', 'pw20', '+2347112345678', 'host', NOW());
 
-- Properties Data
INSERT INTO Properties (property_id, host_id, name, description, location, price_per_night, created_at, updated_at) VALUES
('660e8400-e29b-41d4-a716-446655440001', '550e8400-e29b-41d4-a716-446655440002', 'Cozy Apartment', 'A nice cozy apartment in the city center', 'Lagos', 150.00, NOW(), NOW()),
('660e8400-e29b-41d4-a716-446655440002', '550e8400-e29b-41d4-a716-446655440003', 'Beach House', 'Beautiful house by the beach', 'Lekki', 300.00, NOW(), NOW()),
('660e8400-e29b-41d4-a716-446655440003', '550e8400-e29b-41d4-a716-446655440006', 'Mountain Cabin', 'Rustic cabin in the mountains', 'Jos', 120.00, NOW(), NOW()),
('660e8400-e29b-41d4-a716-446655440004', '550e8400-e29b-41d4-a716-446655440012', 'Luxury Villa', 'Spacious villa with pool and garden', 'Abuja', 500.00, NOW(), NOW()),
('660e8400-e29b-41d4-a716-446655440005', '550e8400-e29b-41d4-a716-446655440016', 'Modern Loft', 'Trendy loft in downtown', 'Port Harcourt', 200.00, NOW(), NOW()),
('660e8400-e29b-41d4-a716-446655440006', '550e8400-e29b-41d4-a716-446655440002', 'Country House', 'Charming countryside home', 'Ibadan', 180.00, NOW(), NOW()),
('660e8400-e29b-41d4-a716-446655440007', '550e8400-e29b-41d4-a716-446655440003', 'Lake Cottage', 'Quiet cottage by the lake', 'Ogun', 160.00, NOW(), NOW()),
('660e8400-e29b-41d4-a716-446655440008', '550e8400-e29b-41d4-a716-446655440006', 'Eco Lodge', 'Sustainable eco-friendly lodge', 'Cross River', 220.00, NOW(), NOW()),
('660e8400-e29b-41d4-a716-446655440009', '550e8400-e29b-41d4-a716-446655440012', 'Penthouse Suite', 'High-rise penthouse with city views', 'Kano', 450.00, NOW(), NOW()),
('660e8400-e29b-41d4-a716-446655440010', '550e8400-e29b-41d4-a716-446655440016', 'Studio Flat', 'Compact studio in central location', 'Enugu', 100.00, NOW(), NOW()),
('660e8400-e29b-41d4-a716-446655440011', '550e8400-e29b-41d4-a716-446655440002', 'Farmhouse', 'Spacious farmhouse with land', 'Ekiti', 250.00, NOW(), NOW()),
('660e8400-e29b-41d4-a716-446655440012', '550e8400-e29b-41d4-a716-446655440003', 'Desert Retreat', 'Remote desert getaway', 'Sokoto', 300.00, NOW(), NOW()),
('660e8400-e29b-41d4-a716-446655440013', '550e8400-e29b-41d4-a716-446655440006', 'Forest Cabin', 'Cabin deep in the woods', 'Taraba', 140.00, NOW(), NOW()),
('660e8400-e29b-41d4-a716-446655440014', '550e8400-e29b-41d4-a716-446655440012', 'Urban Condo', 'Modern condo in busy district', 'Kaduna', 280.00, NOW(), NOW()),
('660e8400-e29b-41d4-a716-446655440015', '550e8400-e29b-41d4-a716-446655440016', 'Seaside Bungalow', 'Relaxing bungalow near the sea', 'Calabar', 190.00, NOW(), NOW());

 
-- Booking data
INSERT INTO Bookings (booking_id, property_id, user_id, start_date, end_date, total_price, status, created_at) VALUES
('770e8400-e29b-41d4-a716-446655440001','660e8400-e29b-41d4-a716-446655440001','550e8400-e29b-41d4-a716-446655440001','2025-09-01','2025-09-05',600.00,'confirmed',NOW()),
('770e8400-e29b-41d4-a716-446655440002','660e8400-e29b-41d4-a716-446655440003','550e8400-e29b-41d4-a716-446655440004','2025-09-10','2025-09-12',700.00,'confirmed',NOW()),
('770e8400-e29b-41d4-a716-446655440003','660e8400-e29b-41d4-a716-446655440002','550e8400-e29b-41d4-a716-446655440005','2025-09-15','2025-09-20',1000.00,'pending',NOW()),
('770e8400-e29b-41d4-a716-446655440004','660e8400-e29b-41d4-a716-446655440004','550e8400-e29b-41d4-a716-446655440007','2025-08-01','2025-08-03',1000.00,'canceled',NOW()),
('770e8400-e29b-41d4-a716-446655440005','660e8400-e29b-41d4-a716-446655440005','550e8400-e29b-41d4-a716-446655440001','2025-10-05','2025-10-10',400.00,'confirmed',NOW()),
('770e8400-e29b-41d4-a716-446655440006','660e8400-e29b-41d4-a716-446655440006','550e8400-e29b-41d4-a716-446655440008','2025-10-02','2025-10-06',360.00,'confirmed',NOW()),
('770e8400-e29b-41d4-a716-446655440007','660e8400-e29b-41d4-a716-446655440007','550e8400-e29b-41d4-a716-446655440009','2025-11-01','2025-11-05',480.00,'pending',NOW()),
('770e8400-e29b-41d4-a716-446655440008','660e8400-e29b-41d4-a716-446655440008','550e8400-e29b-41d4-a716-446655440010','2025-12-20','2025-12-25',2000.00,'confirmed',NOW()),
('770e8400-e29b-41d4-a716-446655440009','660e8400-e29b-41d4-a716-446655440009','550e8400-e29b-41d4-a716-446655440011','2025-09-12','2025-09-15',540.00,'confirmed',NOW()),
('770e8400-e29b-41d4-a716-446655440010','660e8400-e29b-41d4-a716-446655440010','550e8400-e29b-41d4-a716-446655440013','2025-10-05','2025-10-09',1000.00,'confirmed',NOW()),
('770e8400-e29b-41d4-a716-446655440011','660e8400-e29b-41d4-a716-446655440011','550e8400-e29b-41d4-a716-446655440014','2025-11-02','2025-11-04',280.00,'pending',NOW()),
('770e8400-e29b-41d4-a716-446655440012','660e8400-e29b-41d4-a716-446655440012','550e8400-e29b-41d4-a716-446655440015','2025-09-07','2025-09-10',480.00,'canceled',NOW()),
('770e8400-e29b-41d4-a716-446655440013','660e8400-e29b-41d4-a716-446655440013','550e8400-e29b-41d4-a716-446655440017','2025-12-01','2025-12-06',1100.00,'confirmed',NOW()),
('770e8400-e29b-41d4-a716-446655440014','660e8400-e29b-41d4-a716-446655440014','550e8400-e29b-41d4-a716-446655440018','2025-09-18','2025-09-22',1120.00,'confirmed',NOW()),
('770e8400-e29b-41d4-a716-446655440015','660e8400-e29b-41d4-a716-446655440015','550e8400-e29b-41d4-a716-446655440019','2025-08-20','2025-08-23',450.00,'pending',NOW()),
('770e8400-e29b-41d4-a716-446655440016','660e8400-e29b-41d4-a716-446655440001','550e8400-e29b-41d4-a716-446655440005','2025-10-01','2025-10-04',450.00,'confirmed',NOW()),
('770e8400-e29b-41d4-a716-446655440017','660e8400-e29b-41d4-a716-446655440002','550e8400-e29b-41d4-a716-446655440007','2025-11-05','2025-11-10',1000.00,'confirmed',NOW()),
('770e8400-e29b-41d4-a716-446655440018','660e8400-e29b-41d4-a716-446655440003','550e8400-e29b-41d4-a716-446655440009','2025-10-12','2025-10-15',1050.00,'confirmed',NOW()),
('770e8400-e29b-41d4-a716-446655440019','660e8400-e29b-41d4-a716-446655440004','550e8400-e29b-41d4-a716-446655440010','2025-12-15','2025-12-20',2500.00,'pending',NOW()),
('770e8400-e29b-41d4-a716-446655440020','660e8400-e29b-41d4-a716-446655440005','550e8400-e29b-41d4-a716-446655440011','2025-11-10','2025-11-14',320.00,'confirmed',NOW());

-- Reviews data
INSERT INTO Reviews (review_id, property_id, user_id, rating, comment, created_at) VALUES
('990e8400-e29b-41d4-a716-446655440001','660e8400-e29b-41d4-a716-446655440001','550e8400-e29b-41d4-a716-446655440004',5,'Amazing stay, very clean and cozy!',NOW()),
('990e8400-e29b-41d4-a716-446655440002','660e8400-e29b-41d4-a716-446655440002','550e8400-e29b-41d4-a716-446655440005',4,'Great location, but a bit noisy at night.',NOW()),
('990e8400-e29b-41d4-a716-446655440003','660e8400-e29b-41d4-a716-446655440003','550e8400-e29b-41d4-a716-446655440006',5,'Perfect house for a weekend getaway!',NOW()),
('990e8400-e29b-41d4-a716-446655440004','660e8400-e29b-41d4-a716-446655440004','550e8400-e29b-41d4-a716-446655440007',3,'Decent place, but could be cleaner.',NOW()),
('990e8400-e29b-41d4-a716-446655440005','660e8400-e29b-41d4-a716-446655440005','550e8400-e29b-41d4-a716-446655440001',4,'Nice host and comfortable beds.',NOW()),
('990e8400-e29b-41d4-a716-446655440006','660e8400-e29b-41d4-a716-446655440006','550e8400-e29b-41d4-a716-446655440008',5,'Spacious and modern, loved it!',NOW()),
('990e8400-e29b-41d4-a716-446655440007','660e8400-e29b-41d4-a716-446655440007','550e8400-e29b-41d4-a716-446655440009',4,'Good value for money.',NOW()),
('990e8400-e29b-41d4-a716-446655440008','660e8400-e29b-41d4-a716-446655440008','550e8400-e29b-41d4-a716-446655440010',5,'Beautiful view and excellent amenities.',NOW()),
('990e8400-e29b-41d4-a716-446655440009','660e8400-e29b-41d4-a716-446655440009','550e8400-e29b-41d4-a716-446655440011',3,'Average experience, okay for a short stay.',NOW()),
('990e8400-e29b-41d4-a716-446655440010','660e8400-e29b-41d4-a716-446655440010','550e8400-e29b-41d4-a716-446655440012',5,'Loved the cabin and the hot tub!',NOW()),
('990e8400-e29b-41d4-a716-446655440011','660e8400-e29b-41d4-a716-446655440011','550e8400-e29b-41d4-a716-446655440013',4,'Quiet and relaxing environment.',NOW()),
('990e8400-e29b-41d4-a716-446655440012','660e8400-e29b-41d4-a716-446655440012','550e8400-e29b-41d4-a716-446655440014',5,'Exceeded expectations, highly recommend!',NOW()),
('990e8400-e29b-41d4-a716-446655440013','660e8400-e29b-41d4-a716-446655440013','550e8400-e29b-41d4-a716-446655440015',4,'Good location and friendly host.',NOW()),
('990e8400-e29b-41d4-a716-446655440014','660e8400-e29b-41d4-a716-446655440014','550e8400-e29b-41d4-a716-446655440016',3,'Okay experience, nothing special.',NOW()),
('990e8400-e29b-41d4-a716-446655440015','660e8400-e29b-41d4-a716-446655440015','550e8400-e29b-41d4-a716-446655440017',5,'Fantastic property with everything we needed.',NOW()),
('990e8400-e29b-41d4-a716-446655440016','660e8400-e29b-41d4-a716-446655440001','550e8400-e29b-41d4-a716-446655440018',4,'Comfortable and clean.',NOW()),
('990e8400-e29b-41d4-a716-446655440017','660e8400-e29b-41d4-a716-446655440002','550e8400-e29b-41d4-a716-446655440019',5,'Amazing host, will return!',NOW()),
('990e8400-e29b-41d4-a716-446655440018','660e8400-e29b-41d4-a716-446655440003','550e8400-e29b-41d4-a716-446655440020',4,'Nice house but a bit far from city center.',NOW()),
('990e8400-e29b-41d4-a716-446655440019','660e8400-e29b-41d4-a716-446655440004','550e8400-e29b-41d4-a716-446655440001',5,'Perfect for a family trip!',NOW()),
('990e8400-e29b-41d4-a716-446655440020','660e8400-e29b-41d4-a716-446655440005','550e8400-e29b-41d4-a716-446655440002',3,'Decent stay, could improve amenities.',NOW());

 
-- Payment data
INSERT INTO Payments (payment_id, booking_id, amount, payment_date, payment_method) VALUES
('880e8400-e29b-41d4-a716-446655440001','770e8400-e29b-41d4-a716-446655440001',600.00,'2025-08-20','credit_card'),
('880e8400-e29b-41d4-a716-446655440002','770e8400-e29b-41d4-a716-446655440002',700.00,'2025-08-25','paypal'),
('880e8400-e29b-41d4-a716-446655440003','770e8400-e29b-41d4-a716-446655440005',400.00,'2025-09-01','stripe'),
('880e8400-e29b-41d4-a716-446655440004','770e8400-e29b-41d4-a716-446655440006',360.00,'2025-09-10','credit_card'),
('880e8400-e29b-41d4-a716-446655440005','770e8400-e29b-41d4-a716-446655440008',2000.00,'2025-12-01','paypal'),
('880e8400-e29b-41d4-a716-446655440006','770e8400-e29b-41d4-a716-446655440009',540.00,'2025-09-05','stripe'),
('880e8400-e29b-41d4-a716-446655440007','770e8400-e29b-41d4-a716-446655440010',1000.00,'2025-09-25','credit_card'),
('880e8400-e29b-41d4-a716-446655440008','770e8400-e29b-41d4-a716-446655440013',1100.00,'2025-11-28','paypal'),
('880e8400-e29b-41d4-a716-446655440009','770e8400-e29b-41d4-a716-446655440014',1120.00,'2025-09-12','stripe'),
('880e8400-e29b-41d4-a716-446655440010','770e8400-e29b-41d4-a716-446655440016',450.00,'2025-09-28','credit_card'),
('880e8400-e29b-41d4-a716-446655440011','770e8400-e29b-41d4-a716-446655440017',1000.00,'2025-10-25','stripe'),
('880e8400-e29b-41d4-a716-446655440012','770e8400-e29b-41d4-a716-446655440018',1050.00,'2025-10-05','paypal'),
('880e8400-e29b-41d4-a716-446655440013','770e8400-e29b-41d4-a716-446655440020',320.00,'2025-11-01','credit_card');

-- Message data
INSERT INTO Messages (message_id, sender_id, recipient_id, message_body) VALUES
('990e8400-e29b-41d4-a716-446655440001','550e8400-e29b-41d4-a716-446655440001','550e8400-e29b-41d4-a716-446655440002','Hi Bob, can I check in early for Lagos apartment?'),
('990e8400-e29b-41d4-a716-446655440002','550e8400-e29b-41d4-a716-446655440002','550e8400-e29b-41d4-a716-446655440001','Sure Alice, 12 PM is fine.'),
('990e8400-e29b-41d4-a716-446655440003','550e8400-e29b-41d4-a716-446655440004','550e8400-e29b-41d4-a716-446655440003','Clara, does the beach house allow pets?'),
('990e8400-e29b-41d4-a716-446655440004','550e8400-e29b-41d4-a716-446655440003','550e8400-e29b-41d4-a716-446655440004','Yes, small pets are welcome.'),
('990e8400-e29b-41d4-a716-446655440005','550e8400-e29b-41d4-a716-446655440005','550e8400-e29b-41d4-a716-446655440002','Is the Ikeja condo available next month?'),
('990e8400-e29b-41d4-a716-446655440006','550e8400-e29b-41d4-a716-446655440002','550e8400-e29b-41d4-a716-446655440005','Yes, dates are open.'),
('990e8400-e29b-41d4-a716-446655440007','550e8400-e29b-41d4-a716-446655440007','550e8400-e29b-41d4-a716-446655440003','Hi Clara, what’s the nearest supermarket to the penthouse?'),
('990e8400-e29b-41d4-a716-446655440008','550e8400-e29b-41d4-a716-446655440003','550e8400-e29b-41d4-a716-446655440007','There’s a Shoprite 10 mins away.'),
('990e8400-e29b-41d4-a716-446655440009','550e8400-e29b-41d4-a716-446655440008','550e8400-e29b-41d4-a716-446655440006','Frank, does your guesthouse have WiFi?'),
('990e8400-e29b-41d4-a716-446655440010','550e8400-e29b-41d4-a716-446655440006','550e8400-e29b-41d4-a716-446655440008','Yes, unlimited WiFi included.'),
('990e8400-e29b-41d4-a716-446655440011','550e8400-e29b-41d4-a716-446655440009','550e8400-e29b-41d4-a716-446655440012','Leo, is breakfast included in the studio apartment?'),
('990e8400-e29b-41d4-a716-446655440012','550e8400-e29b-41d4-a716-446655440012','550e8400-e29b-41d4-a716-446655440009','Yes, we provide breakfast daily.'),
('990e8400-e29b-41d4-a716-446655440013','550e8400-e29b-41d4-a716-446655440010','550e8400-e29b-41d4-a716-446655440012','Can I host a small party at the villa?'),
('990e8400-e29b-41d4-a716-446655440014','550e8400-e29b-41d4-a716-446655440012','550e8400-e29b-41d4-a716-446655440010','Small gatherings are fine.'),
('990e8400-e29b-41d4-a716-446655440015','550e8400-e29b-41d4-a716-446655440011','550e8400-e29b-41d4-a716-446655440016','Paul, does the chalet have heating?'),
('990e8400-e29b-41d4-a716-446655440016','550e8400-e29b-41d4-a716-446655440016','550e8400-e29b-41d4-a716-446655440011','Yes, full heating system installed.'),
('990e8400-e29b-41d4-a716-446655440017','550e8400-e29b-41d4-a716-446655440013','550e8400-e29b-41d4-a716-446655440020','Tina, is the farmhouse kid-friendly?'),
('990e8400-e29b-41d4-a716-446655440018','550e8400-e29b-41d4-a716-446655440020','550e8400-e29b-41d4-a716-446655440013','Yes, safe for kids.'),
('990e8400-e29b-41d4-a716-446655440019','550e8400-e29b-41d4-a716-446655440014','550e8400-e29b-41d4-a716-446655440020','Is there parking at the countryside lodge?'),
('990e8400-e29b-41d4-a716-446655440020','550e8400-e29b-41d4-a716-446655440020','550e8400-e29b-41d4-a716-446655440014','Yes, free parking available.');